Particulars,URL
HSBC Bank,www.hsbc.co.uk
Premier Bank Account,https://www.hsbc.co.uk/current-accounts/products/premier/
HSBC Bank Account,https://www.hsbc.co.uk/current-accounts/products/bank-account/
HSBC Advance Bank Account,https://www.hsbc.co.uk/current-accounts/products/advance/
Student Bank Account,https://www.hsbc.co.uk/current-accounts/products/student/
HSBC Bank Account for international students,https://www.hsbc.co.uk/current-accounts/products/international-student/
Children's Bank Accounts,https://www.hsbc.co.uk/current-accounts/products/children/
Private Banking Account,https://www.hsbc.co.uk/current-accounts/products/private/
Fixed Rate Cash ISA,https://www.hsbc.co.uk/savings/products/fixed-rate-isa/
Online Bonus Savings Account,https://www.hsbc.co.uk/savings/products/online-bonus-saver/
Regular Savings Account,https://www.hsbc.co.uk/savings/products/regular-saver/
Cash ISA,https://www.hsbc.co.uk/savings/products/cash-isa/
Fixed Rate Savings Account,https://www.hsbc.co.uk/savings/products/fixed-rate/
Children's Savings Account,https://www.hsbc.co.uk/savings/products/mysavings/
Easy access savings accounts,https://www.hsbc.co.uk/savings/easy-access-accounts/
Balance transfer credit cards,https://www.hsbc.co.uk/credit-cards/balance-transfer-credit-cards/
Purchase credit cards,https://www.hsbc.co.uk/credit-cards/purchase-credit-cards/
Rewards credit cards,https://www.hsbc.co.uk/credit-cards/rewards-credit-cards/
Credit-builder credit cards,https://www.hsbc.co.uk/credit-cards/credit-builder-credit-cards/
Premier credit cards,https://www.hsbc.co.uk/credit-cards/premier-credit-cards/
Personal Loan,https://www.hsbc.co.uk/loans/products/personal/
Premier Personal Loan,https://www.hsbc.co.uk/loans/products/premier/
Car Loan,https://www.hsbc.co.uk/loans/products/car-loan/
Home Improvement Loan,https://www.hsbc.co.uk/loans/products/home-improvements/
Top Up Loan,https://www.hsbc.co.uk/loans/products/top-up-loans/
Switch your mortgage deal,https://www.hsbc.co.uk/mortgages/existing-customers/switch/
Remortgage to HSBC,https://www.hsbc.co.uk/mortgages/move-your-mortgage/
First-time buyer mortgages,https://www.hsbc.co.uk/mortgages/first-time-buyers/
Mortgages for moving home,https://www.hsbc.co.uk/mortgages/moving-home/
New to investing?,https://www.hsbc.co.uk/investments/new-to-investing/
Stocks & shares ISA,https://www.hsbc.co.uk/investments/isas/
Funds ,https://www.hsbc.co.uk/investments/funds/
Online share dealing account,https://www.hsbc.co.uk/investments/products/invest-direct/
Financial advice,https://www.hsbc.co.uk/investments/advice/financial-advice/
Premier investment management,https://www.hsbc.co.uk/investments/advice/premier-investment-management-service/
Protection advice,https://www.hsbc.co.uk/insurance/protection-advice/
Investing for your retirement,https://www.hsbc.co.uk/retirement/investing-for-retirement/
Retirement Calculator,https://retirementcalculator.hsbc.co.uk/
Future Planner,https://www.hsbc.co.uk/wealth/planning/future-planner/
Investment goals,https://www.hsbc.co.uk/investments/goal-based-investing/
Your financial action plan,https://www.hsbc.co.uk/investments/financial-action-plan/
Home insurance,https://www.hsbc.co.uk/insurance/home/
Contents insurance,https://www.hsbc.co.uk/insurance/products/contents/
Travel insurance,https://www.hsbc.co.uk/insurance/travel/
Life Cover,https://www.hsbc.co.uk/insurance/products/life-cover/
Critical Illness Cover,https://www.hsbc.co.uk/insurance/products/critical-illness-cover/
Income Protection,https://www.hsbc.co.uk/insurance/products/income-protection/
Protection advice,https://www.hsbc.co.uk/insurance/protection-advice/
Financial fitness score,https://www.hsbc.co.uk/financial-fitness/fitness-score/
Everyday budgeting,https://www.hsbc.co.uk/financial-fitness/everyday-budgeting/
Managing debt,https://www.hsbc.co.uk/financial-fitness/managing-debt/
Growing your money,https://www.hsbc.co.uk/financial-fitness/growing-your-money/
Staying safe & secure,https://www.hsbc.co.uk/help/security-centre/
Financial education,https://www.hsbc.co.uk/financial-education/
Expanding your family,https://www.hsbc.co.uk/new-beginnings/expanding-your-family/
Getting married/Paying for a wedding,https://www.hsbc.co.uk/new-beginnings/getting-married/
Retirement,https://www.hsbc.co.uk/retirement/
First-time buyer mortgages,https://www.hsbc.co.uk/mortgages/first-time-buyers/
Moving abroad,https://www.hsbc.co.uk/international/moving-abroad/
Managing your money while studying,https://www.hsbc.co.uk/students/
Bereavement ,https://www.hsbc.co.uk/help/life-events/bereavement/
Assisting someone with their money,https://www.hsbc.co.uk/help/life-events/assisting-someone-with-their-money/
separation,https://www.hsbc.co.uk/help/life-events/separation/
Losing your job,https://www.hsbc.co.uk/help/life-events/unexpected-change/redundancy/
Power of attorney,https://www.hsbc.co.uk/help/life-events/poa/
Mental health and support,https://www.hsbc.co.uk/accessibility/mental-health-and-support/
HSBC Kinetic Current Account,https://www.business.hsbc.uk/en-gb/products/kinetic
Small Business Banking Account,https://www.business.hsbc.uk/en-gb/products/small-business-bank-account
Business Banking Account,https://www.business.hsbc.uk/en-gb/products/business-banking-account
Barclays Bank Account,https://www.barclays.co.uk/current-accounts/bank-account/
Barclays Bank Account + Blue Rewards,https://www.barclays.co.uk/current-accounts/blue-rewards/
Premier Current Account,https://www.barclays.co.uk/premier-banking/current-accounts/
Overdrafts,https://www.barclays.co.uk/current-accounts/bank-account/overdrafts/
Barclays Avios Rewards,https://www.barclays.co.uk/premier-banking/barclays-avios-rewards/
International payments,https://www.barclays.co.uk/ways-to-bank/international-payments/
Foreign currency,https://www.barclays.co.uk/travel/foreign-currency-exchange/
Debit cards,https://www.barclays.co.uk/current-accounts/debit-cards/
First-time home buyers,https://www.barclays.co.uk/mortgages/first-time-buyers/
Additional borrowing,https://www.barclays.co.uk/mortgages/existing-customer-centre/additional-borrowing/
Switching mortgage deals,https://www.barclays.co.uk/mortgages/switching-mortgage-deals/
Remortgage with us,https://www.barclays.co.uk/mortgages/remortgage/
Buy-to-let,https://www.barclays.co.uk/mortgages/buy-to-let/
shared ownership,https://www.barclays.co.uk/mortgages/shared-ownership-mortgages/
Offset mortgages,https://www.barclays.co.uk/mortgages/offset-mortgage/
Barclays Partner Finance,https://www.barclays.co.uk/loans/point-of-sale-finance/
Top up loan,https://www.barclays.co.uk/loans/top-up-loan/
Car loans,https://www.barclays.co.uk/loans/car-loans/
Investment ISA,https://www.barclays.co.uk/smart-investor/accounts/investment-isa/
General Investment Account,https://www.barclays.co.uk/alpha/smart-investor/investment-account/?adobe_mc_sdid=SDID%3D10EA9C9AAC707321-5C652332E4C8A84B%7CMCORGID%3D14CF22CE52782FEA0A490D4D%40AdobeOrg%7CTS%3D1739361327&adobe_mc_ref=https%3A%2F%2Fwww.barclays.co.uk%2Fsmart-investor%2Faccounts%2Finvestment-isa%2F
Self-Invested Personal Pension (SIPP),https://www.barclays.co.uk/smart-investor/accounts/sipp-pension/
Transfer your investments,https://www.barclays.co.uk/investments/moving-investments/
fees and interest rates,https://www.barclays.co.uk/smart-investor/investments/investment-costs/
All Business Insurance,https://www.barclays.co.uk/business-banking/simply-business/
All Life Insurance,https://www.barclays.co.uk/insurance/life-insurance/
Barclays Simple Life Insurance,https://www.barclays.co.uk/insurance/life-insurance/barclays-simple-life-insurance/
Life insurance for mortgage protection,https://www.barclays.co.uk/insurance/life-insurance/barclays-life-insurance-for-mortgage-holders/
Life insurance cover calculator,https://www.barclays.co.uk/insurance/life-insurance/cover-calculator/
Travel and breakdown insurance,https://www.barclays.co.uk/insurance/travel-insurance/
Travel Pack,https://www.barclays.co.uk/insurance/travel-insurance/travel-pack/
Travel Plus Pack,https://www.barclays.co.uk/insurance/travel-insurance/travel-plus-pack/
Breakdown Cover Pack,https://www.barclays.co.uk/insurance/travel-insurance/breakdown-cover-pack/
Tips for travel,https://www.barclays.co.uk/travel/
Barclays Tech Insurance,https://www.barclays.co.uk/insurance/gadget-and-mobile-phone-insurance/
Tech Pack,https://www.barclays.co.uk/insurance/gadget-and-mobile-phone-insurance/tech-pack/tech-pack/
Tech Pack Lite,https://www.barclays.co.uk/insurance/gadget-and-mobile-phone-insurance/tech-pack-lite/tech-pack-lite/